id,name,type,root
58da28d463cc69622c95b265,Bertelsmann India Investments,crunchbase,
593e4e0b792767c7aac97db5,Bertelsmann Asia Investment Fund,crunchbase,Bertelsmann India Investments
aeiE9rPtviQmy8avf,Bertelsmann,manualEntry,Bertelsmann India Investments
58db1de0d0135fd1440ce774,Berggruen Holdings,manualEntry,
GndH6cAPhdf7JeCEC,Benny Girsang,manualEntry,
TPqPyByERsChe7KDu,Bennett Coleman and Co Ltd,crunchbase,
LJgehoSAFJt7m9qnE,Benjamin Scherrey,manualEntry,
9HCMWXv3KWLzp7rSS,Benjamin Ling,crunchbase,Benjamin Scherrey
58cd025c638b0c5029d76d24,Benesse,manualEntry,
ADkckAPe69vEwqA79,Benchmark,crunchbase,
AH7ib3adum5C58ysf,Benchachinda Holding,manualEntry,
592e93fd1666f9d5571a7c06,Ben Macrory,crunchbase,
96mYQYKoPnY4YaXSo,Ben Horowitz,crunchbase,
wSihDTLCn4FfF4aBW,Ben Chew,manualEntry,
KJyemzP4jv2K2BWFT,Ben Ball,crunchbase,
595f3d27ddf47b64f4cfbebf,Belgian Investment Company,manualEntry,
5913cb33d6e68773721b85b4,Beijing Zhongtai Chuanghui Equity,manualEntry,
zf6dixHpN8jB7cevg,Beijing Zhongrunfa Investment (中润发投资),manualEntry,
592e276198836926cd61bb28,Beijing Yisheng Innovation Technology,crunchbase,
591188af71fdbb730dc0c4f0,Beijing Yiqichuang Consulting,manualEntry,
yRCEWLH7miZ6s9tiL,Beijing UTour International Travel Service Co.,crunchbase,
6jZ5rtmwDTqwHNwnY,Beijing TRS Information Technology (拓尔思),manualEntry,
fFNAm2RJvy9g2tKib,Beijing Phoenix Wealth Holding Group,crunchbase,
h5LA2LEwbFC2ywmaP,Beijing News,manualEntry,
48ZMiPi8WpnJ95piu,Beijing New Hope Industry Investment Center L.P.,,Beijing News
595da5b7fdd463fdfb1c82e4,Beijing Love & Health Group,manualEntry,
92MhLncA3Qtid7zae,Beijing Kunlun Tech Co Ltd (北京昆仑万维),manualEntry,
kAdQnaWTkwpQy6LQP,Beijing Infinitas Interactive Media Co,manualEntry,
qDLedsi7KY8TzuAun,Beijing Hualian Group,manualEntry,
58e1f29d205937680875f7e1,Beijing Hongtu Lide Technologies,manualEntry,
N4XmbgJutugk4QKxY,Beijing Holch Capital (北京厚持投资),manualEntry,
7x9dtF82LSzW9GGsb,Beijing Gehua CATV Network (歌华有线),manualEntry,
58da249ccaa4c9eee98619f8,Beijing Dongfang Hondao Asset Management,manualEntry,
59755b3ad60a7142eaa790c8,Beijing D.Z Capital,crunchbase,
591955d843330f8b23b60950,Beijing Culture,manualEntry,
TCcm2dtdR7b58zuZt,Beijing Cultural Assets Chinese Film and Television Fund  (文资华夏文化产业基金),manualEntry,
59755b3ac6a01444640f3718,Beijing Beilu Pharmaceutical,crunchbase,
592e27613ec5987d26e96ec3,Beihai Hongtai Investment,crunchbase,
T39pXngLgxb4W4ioG,Beenos Plaza,crunchbase,
hyWZg3RHi7aRhjWAc,Beenos Partners,crunchbase,Beenos Plaza
QgykZZjK2fZ2pNWq7,BEENEXT,crunchbase,
5963285769eedac2ec8e01a0,Bee Partners,crunchbase,
595f5885c57460a0c8777153,Bedrock Ventures,manualEntry,
DP7oKM7GZwSWre8mw,Beamonte Investments,crunchbase,
6q6eBEQefK67wMixF,Beacon New Ventures,crunchbase,
58f9d59fd1e2e1b7cb6a162e,BDStar Navigation,manualEntry,
cC2g7N4uwjivfzkPb,BDMI,crunchbase,
YQwBZKQ6N3pDXTCCs,BBG Ventures,crunchbase,
58da21e0f652c97c6692016f,Bayshore Venture,manualEntry,
58ca577eebd55c928aff3405,Bay Capital,crunchbase,
zvMiYj8eMMMkicfv2,Battery Ventures,crunchbase,
expmgxf7AhyE8xsMB,Batlivala & Karani Securities,manualEntry,
3J2fCjYfXbE7muKAA,Batilivala & Karani Securities,manualEntry,
58edba8b90bd41981c429a88,Bat Capital,manualEntry,
58da4eb45c945e1be6eacf23,Basset Investment Group,manualEntry,
5912d0fdafc41560138f575f,Basab Pradhan,crunchbase,
jQngtY23v9Dp9uaYk,Barry Lambert,crunchbase,
hL2JGrd3mJb4qQ79H,Baroda Ventures,crunchbase,
58c0fe265766006511e530d5,Barkawi Group,crunchbase,
58da4d300ca2567bf0eba434,Barbara Judge,manualEntry,
58d395a5376e470aca954eda,Baotuan Venture Capital,manualEntry,
5902ed11da57f07934bee421,Baosi Capital,manualEntry,
Wrku297XGYYapypzB,BaoLong Investment (暴龙投资),manualEntry,
dpAd9Mda7QmwE6rxc,Baofeng Group (暴风科技),manualEntry,
58fec233a8c1ea3314fc7448,BanyanTree Finance Pvt. Ltd.,crunchbase,
CDDsstrkwJNQrnss7,Banyan Fund (高榕资本),manualEntry,
5902af3e43c168922f0c5616,Banyan Capital,crunchbase,Banyan Fund (高榕资本)
WByoRSt46PMqYMGAL,Bank of Ningbo (宁波银行),manualEntry,
58cf3b38de9fda5315472a7c,Bank of Nanjing,crunchbase,
59103690e763f7b37342e035,Bank of America,crunchbase,Bank of Nanjing
594260a7e8e2550099037909,Bangalore Angels,manualEntry,
597853ef6e16e2ca7c74a486,Balderton Capital,crunchbase,
58fdc5c9d9fb93d5ca84b08e,Balasubramanian Krishnamurthy,crunchbase,
LTzWqNhZHP7BFFTSQ,Balancop Ventures,manualEntry,
58dcd167d6e246592dda4bd6,Balakrishna Adiga,crunchbase,
58fccd47afad36a3c3ed58ca,Baixing.com,manualEntry,
e6yJ36gEH77Wpy2ko,Baird Capital (贝雅资本),manualEntry,
58db29d8248fa9ab5ed384b5,Bainuo Fund,manualEntry,
mJvHn9qEh7ss6J8gx,Bain Capital,manualEntry,
FC9xDE3oA8BYH7F2e,Baillie Gifford,crunchbase,
iLKATqDmFHejAFe5Q,Bailador,crunchbase,
5W4cZvKQ9vZ9H8QQu,Baidu (百度),manualEntry,
ptopckszAstBbY3Sb,Baidu,crunchbase,Baidu (百度)
vjT6v464uzJ7cyT7E,BAIC Capital (北汽产业投资基金),manualEntry,
8bqgovn6B6QSBkZvT,BAI (贝塔斯曼亚洲投资基金),manualEntry,
ot272PtexSQZG3owA,BAF Spectrum,crunchbase,
ysADBhY9CMP95fia4,Badroni Yuzirman,manualEntry,
uBkTYz8NybSAmN84F,BackWeb Technologies,crunchbase,
591aa0b1b046a0b787211751,B. S. Nagesh,crunchbase,
596590420ec47710a935643f,B&D Capital,manualEntry,
Ro5aFf2tixjvCWEJ4,B Dash Ventures,crunchbase,
P2mXDHpNWhXpxvWoT,B Capital Group,crunchbase,
3D3zsQpatSWkkNomG,Azmi Global,crunchbase,
58e6647dc8239b6571d50b23,Axon Partners Group,crunchbase,
36qmgobpQdpagYxbw,AXL Strategic Partners,manualEntry,
58da2e6798ccdb22667a3c96,Axis Capital Holdings Limited,crunchbase,
gDeKSxnze6HaT7CL2,Axis Capital Corp,manualEntry,
a3ikZMjS7C8q2zjPg,Axis Bank,crunchbase,
Mc9EvGFk7rPgn5uec,Axilor Ventures,crunchbase,
yTmACxgJDE92XnkuK,Axiata Digital Innovation Fund,manualEntry,
58dcd9db99dfeb0ee7aa38ea,Axiata,crunchbase,
58d87653039b1ad914004188,Axcel Partners,crunchbase,
vgN8M2M2kxaRZaL4g,AWI Ventures,crunchbase,
595f34c12970b069f926a85a,Avlesh Singh,manualEntry,
58eda4f2ec9311236da52007,Avinash Vashistha,crunchbase,
8Da9YucvJF2pfDubK,Avik Barat,manualEntry,
58e59e0350b5126a649a69d5,Avijeet Alagathi,crunchbase,
qQ9kZMb7NjCYNeHEH,AVIC Trust,manualEntry,
tqoR7tebfMmNoyZBh,Aviation Industry Corp. of China,crunchbase,
fMKQANHzsqzjZ7BNu,AV Capital (信天创投),manualEntry,
ioc8v62QsFPJ9B2jk,Autohome (汽车之家),manualEntry,
591977f99986114158805d03,Autobot Capital Partners,manualEntry,
5y5oEqZAfnbz8HXY3,Australian Renewable Energy Agency,manualEntry,
KBzx6AxXH9iw3afB5,Australian Ethical Investment,crunchbase,
dMcT7SJXGsEamXhtq,Australian Distributed Incubator,crunchbase,
tgkZaYrPvtrh6RokZ,Australian Capital Equity,crunchbase,
da9zfMmb5jXpHEc2f,Australia Cooperative Research Centres Association,manualEntry,
Cvj43mDZwGSZmjP7v,Austin Ligon,crunchbase,
QhibZciQjQnoqnZLa,AussieCommerce Group,manualEntry,
F2ekExtzMtsoPyFoF,Aureos Capital,manualEntry,
rK2F68mEWWHCT579N,Aura Funds Management,manualEntry,
zoJ9rB4G7Fou8vhsW,August Capital Partners,crunchbase,
LjHA5N8bRCg2x7p3T,Augment Ventures,manualEntry,
MZwJ7NtZ5nEpGSndG,aucfan Co.,manualEntry,
58e67239ddbdae27448b5b5a,Atul Singh,crunchbase,
Dqcexe6pEsprYpwky,Atul Nishar,crunchbase,
58e49e048c3408f952f57b5f,Atul Jalan,crunchbase,
nn2raXCerkyJeyDuW,Atul Jain,crunchbase,
591ea1a62ea04ccec55a84c4,Atul Ingle,crunchbase,
58e20487fa2698d60adc41ac,Atul Goel,crunchbase,
TPf2GqWRKRRaWeumM,Atomico,crunchbase,
EzqrQ5LsEQ6iAL59S,Atom Ventures (原子创投),manualEntry,
58da4f51ffbba5c8b86ed928,Athene Capital,manualEntry,
595d9efa9ff3b569a7b5eadf,Athamus,manualEntry,
GMXoYnXXAGbiscvmG,ATA Group,manualEntry,
2bzrRi4xxisD8YmtT,AT Capital,crunchbase,
58db2502621f7b6d2d1a4725,Astarc Ventures,manualEntry,
tY5aBcSEGHfJroW6i,Assurant,crunchbase,
Cgga6qgfAkeEDFtFi,Aspiration Growth,crunchbase,
iQMDwmH8vpqh8nWR2,Aspada,crunchbase,
LTr9rxFCJaxsPpuEu,Aslanoba Capital,crunchbase,
5908380b8bb42cf4f603ed32,ASK Pravi,crunchbase,
5943a18b8be89afd5fe30c89,ASK Group,manualEntry,
DARmBn398g729ZPDi,Asiasoft,crunchbase,
591c18a15afbe6b3651e189c,Asia-Pac eCommerce,manualEntry,
58db13a4cded60a776e08fea,Asian Healthcare Fund,crunchbase,
595de9714d0f8ba52bf0da92,Asian E-Commerce Alliance,crunchbase,
595f09aac720dfc38e54fd93,Asian Development Bank,crunchbase,
CEqyda4cyuib65LKt,Asian Alliance Investment,manualEntry,
69rZXxHJpkwMFdHyK,Asia Venture Group,crunchbase,
FWex9wNygoqRFgHt3,Asia Plus,crunchbase,
58eedb758717992f8ba23bde,Asia Pacific Internet Group,crunchbase,
ZKG388avCpMZvzEjX,Asia Pacific Capital,manualEntry,
kb9qWDiykeCDbhnPN,Asia Cleantech Capital Ltd,crunchbase,
59223f929631a657e2256066,Asia Capital & Advisors,manualEntry,
58e204876e670cd857a499f3,Ashwin Pai,crunchbase,
592789e753ab9bc48bcd133e,Ashwin Amarapur,crunchbase,
593f54ca9ca0c9b897cefb26,Ashvin Chadha,manualEntry,
AW3Y6AYTToEMbtviS,Ashton Kutcher,crunchbase,
mM8c3mewtj5NFfLe5,Ashok Melwani,crunchbase,
591520708c4bdbd6ef279bbd,Ashok Agarwal,crunchbase,
zWa8rfsv7wCm3Nd6n,Ashish Tulsian,crunchbase,
eSYuPp4J4Tqmf7w3g,Ashish Jhalani,crunchbase,
58cb9266defc0b0e630afffd,Ashish Hemrajani,crunchbase,
595ef7166595de117cd8d644,Ashish Gupta,manualEntry,
58c649d658b93be4ab111fe7,Ashish Goenka,crunchbase,
595f5162f036a465744b6028,Ashish Dhawan,crunchbase,
590aec10d995c4eafbd9924c,Ashish Agrawal,crunchbase,
595f34cae71539cd03c7dabd,Ashim Mehra,manualEntry,
595e0347a896091181f49838,Asha Impact,crunchbase,
yKEYfdHaeyn26paHG,Asgard Capital,crunchbase,
NajGsY8ejzSjEnKRd,Ascent Capital,crunchbase,
nTQGxSF7kmayoYXGW,Ascend Money,manualEntry,
CfRqmXXDJMqPd99B5,Arya Setiadharma,manualEntry,
595ee6f8cbc6a5a0f290c7b1,ARVIND JHA,crunchbase,
5947261fef719a5f92573c4b,Arun Venkatachalam,crunchbase,
59785932b5cf3496dd32a59d,Arun Tadanki,crunchbase,
58ddf19be7eb0e22fceab283,Arun Seth,crunchbase,
58da29833f37d408fe818d78,Arun Sarin,crunchbase,
58db15cd44bdfd657b8b37e0,Arun Narayanan,crunchbase,
595c5c3caf972486ee04e0ae,Arun Nair,manualEntry,
595f0e203ed70de1d1b00d1c,Arun Malhotra,crunchbase,
58e66cb6463caf8fa29d940e,Artiman Ventures,crunchbase,
j4GWsFaHGw9vGTW4g,Arthur Kho,crunchbase,
hZbYncZyyxnzct696,Artha India Ventures,crunchbase,
9xjCM3DNFtY6JJAPf,Artesian Capital Management,crunchbase,
adXCeBoWNsCgW8K2R,Arpwood Investment Advisors,manualEntry,
58ca5c778f4d2cf782b10733,Arpan Nagdeve,crunchbase,
GbYAqL6xrpYDwbzbe,Arocrest Captial,crunchbase,
awGxoyAk2HJeBZgk9,Arnout Wagenaar,crunchbase,
oqtykrpFotS57Jcrx,Arnold Tandra,manualEntry,
9dzk3b8kEGqdDKMjC,Arne Lindman,crunchbase,
wqHAsYRczAwJzL5Ey,Arnaud Lachaume,crunchbase,
3ED38HbxQx9YaKAgw,Arjun Handa,crunchbase,
C6CwT58D5G9oAkPMh,Arjun Dhawan,crunchbase,
HXgzg47GoBikXmq5K,Arihant Patni,manualEntry,
591d54ed0cc500cd71c9f033,Arihant Jain,crunchbase,
jmyRstAs2zCdbLnHz,Ariel Poler,crunchbase,
GuXL4Fxnbxi7sFpff,Aria Ventures,crunchbase,
5937764fa80bbf666fad0c6a,Ares Management,crunchbase,
YXgNPMniS6ytEf3xr,Ardent Capital,crunchbase,
uaWnB6axPim7Jivvp,ArdenPoint,crunchbase,
BeyWM5aDHn5orSdND,ARCH Venture Partners,manualEntry,
4foxGZaKvKzNmAz2W,Arc90,crunchbase,
D5sbbYAcNTo7YiEJT,Arbor Ventures,crunchbase,
592e7860b036d9e524eac6a6,Arab Angel Fund,crunchbase,
58d87b6bac4302f70817359a,Aqualand Capital,manualEntry,
hg82MvxgHKFvnCM9p,AQUA Ventures (浅石创投),manualEntry,
590a92d58193a24ed078ec5f,APUS Investments,crunchbase,
591d441758df1eaba7eaa11f,Apurva Dalal,crunchbase,
58e1ffcbd1831ce0196b3461,Apurv Salarpuria,crunchbase,
KLBF23FWH5csiE3oD,Aprameya Radhakrishna,crunchbase,
vz8N3jXXj8bZhN3EM,AppWorks Ventures,crunchbase,
jzCYXZs4yPPi2N4jx,AppVenture,manualEntry,
pxGrttDSTZ35cc7u9,Appota,manualEntry,
591a9d71217125b5c78f2331,Applyifi,crunchbase,
e2bkzeTm3APxCGcFw,AppleTree Group,crunchbase,
pK8HrAWPemKqqnQ4S,Apple,manualEntry,
6tHx6pyGC4ip3WqnX,Apoorv Ranjan Sharma,crunchbase,
58d8dd2090b4259a1a4551b9,Apoletto Asia,manualEntry,
5971777cd45df93fb6aa512a,Aplus Fund,crunchbase,
QogCnHCq2FyKn7kKf,Apis Partners,manualEntry,
9HB4M5GmJj58z6q6W,APGM,crunchbase,
Bzirbo6R2JGDMEzrE,Apex Capital Partners,crunchbase,
uSwvyvcdJo8qrncqt,Aparna Pittie,crunchbase,
A4ExDvMe67E2sgCX5,北京智美红土体育文化产业投资基金,manualEntry,
58fea91e4096732b4c2acbfc,Anuraag Gupta,crunchbase,
5XHrZc7EQNpEww394,Anupam Mittal,crunchbase,
SHkDFePTcY7P6AGHp,Anuj Golecha,crunchbase,
595f28c4db0ed6b6d85b1fdc,Anuj Chowdhary,crunchbase,
h3vuKQih5HN7ZRvfw,Ants Capital (安赐资本),manualEntry,
38K7gBAW3bcewmMWY,ANTS (安持资本),manualEntry,Ants Capital (安赐资本)
594ccdc81640ba4a79321581,Antony Arun Davis,manualEntry,
SSfPchtuwBMp5wKxd,Anton Bourtsev,manualEntry,
JhBhWYuxCYvME3qhi,Antoine Blondeau,crunchbase,
58dcd6b4153fbd868021a301,Anthony Thomas,crunchbase,
m5q5g6LEAt6Ce4GxJ,Anthony Pascoe,crunchbase,
NifKvYeDYhTm8pXYo,Anthony Libonate,manualEntry,
N7ErDYPzruDyPkN3K,Anthony Klok,crunchbase,
58cf474427008999918f11ec,Anthony Di Iorio,crunchbase,
3GSjgYPokdrtqKBcB,Anthony Casalena,crunchbase,
wkxskLKYx8TAS9KDo,Anthill Ventures,manualEntry,
tqBHZEixDDmKsiCWT,Anthemis Group,crunchbase,
Wdca3c4CsfLQfryDt,Ant Group (蚂蚁金服),manualEntry,
cZXZt3kiJzpj9TjRj,ANT Financial,crunchbase,
596d8867d84b304fb0aa8e29,Anshuman Das,crunchbase,
rgd56YQnkwcFPttyD,Anshu Jain,crunchbase,
z2TLz9udmsBLC4Wo4,Anshe Chung,crunchbase,
5966e07177ebae6cb4e44d40,Anoop Hingorani,crunchbase,
58e321af6426b082ee82c223,Anoop Goyal,crunchbase,
tYyGmwncZMeSgPAj8,Annox Capital,crunchbase,
pYJLXTdbnfDxeo2GY,Annie Parker,crunchbase,
cAQpRcsJaB6jmBrFz,Anna Rooke,manualEntry,
X4xoqN8ibkA4LzcPR,Ann Zhou,crunchbase,
5914339e5487d4a064c24f47,Anlaiye,manualEntry,
58db22b48a8ebf533ad6139a,Ankush Nijhawan,crunchbase,
595f2a395aa652985b1b0561,Ankur Warikoo,crunchbase,
G2swm739suJtc9QRy,Ankur Pansari,crunchbase,
595f2af4bf650dcded8e0ffa,Ankur Goyal,crunchbase,
58e49597f6013e8e2ef70815,Ankur Capital,crunchbase,
59473719a609a3e5159d274e,Ankit Pruthi,manualEntry,
58c63392ad233433e9f3eed3,Ankit Nagori,crunchbase,
58db192f5131ed757f8cac13,Ankit Gupta,crunchbase,
58dc653faade10f101c4be9c,Ankit Bhati,crunchbase,
g23Li3NY5tPD2Gvfj,Anjie Environmental,manualEntry,
58ddc61c1e5d885c233a5b27,Anjani Prasad,crunchbase,
58f6ca9d9911a5f2180bbea4,Anirudh Sheth,manualEntry,
58edd103c098326d10d25263,Anirudh Rastogi,crunchbase,
BYJrXDaH8vgzRg8fT,Anirudh Damani,crunchbase,
591a7195ffcdb1ce2635f29c,Aniruddha Malpani,crunchbase,
59004289746fe9e4459cae99,Anil Menon,crunchbase,
ZLmEXfFmXcY8tn2uA,Anil Jain,crunchbase,
E8Gpa3Li6Wx5hoYyM,Anil Jaggia,crunchbase,
jTCHHn8wQn7izEK3w,Anil Gudibande,manualEntry,
3Q9FfhZTjuoEkCYp2,Anil Gelra,crunchbase,
595f2d09b99e88ec54a272f9,Aniket Khera,crunchbase,
594a28e9e0a3178d2f0b3028,Anhui Human Technology,manualEntry,
5962e10dfd42a3af31768581,Anheuser-Busch InBev,crunchbase,
595f54a2caf9f5fef7bd0484,Anglian Omega Network,manualEntry,
jmFXvKHvyqMp5YYb3,ANGIN,manualEntry,
591d39f93f0fbd438e75c6e5,Angie Mahtaney,crunchbase,
CSNJLXu2DEARZNiEm,AngelVest (天使谷),manualEntry,
594723828857b6fc3cd71d5b,Angels Network,crunchbase,
But2dbimiLHDNJN8o,AngelPad,crunchbase,
AF58B6wibQeaN7Sst,Angel-eQ,manualEntry,
Qs2oZx2mSvjCpgGry,AngelCube,crunchbase,
7SjgtH5cBjbz3v4Zs,Angel Plus (洪泰基金),manualEntry,
58e742f591bbc1a7c1142cde,Angel Plus,manualEntry,Angel Plus (洪泰基金)
596320220b1328f9808d2473,Angel Medical Instrument,crunchbase,
58dcd167ea7146fef9fb6a5e,Angel Investors Network,crunchbase,
58d32241b074bfd0dac62e27,Anfield Resources,crunchbase,
58dcd236314898714a42f93a,Aneesh Reddy,crunchbase,
PyjCRJuh38JBNAJ2w,Andy Zain,manualEntry,
592fc1cd80b9c4341a77c547,Andy Scott,crunchbase,
3yyNLAk4bFGXfu8Hv,Andy Miller,manualEntry,
qZZ7ziMWjsgCMGNBQ,Andy McLoughlin,crunchbase,
byWuET32JGJSAsZpT,Andy James,crunchbase,
emcqKzAKLgS9AnswA,Andy Honess,crunchbase,
2pR4X2Nvzsc7cpctd,Anduin Capital,manualEntry,
tk6qe5yMWuQxkXvAA,Andrey Shirben,crunchbase,
vMTt2sm3PEqFbQt5o,Andrew Walsh,manualEntry,
PJMKDx4jTDvzGe2tu,Andrew Solimine,crunchbase,
jxG6e8zSdEnpECbJJ,Andrew Riddick,crunchbase,
kNWWeecJfGuXBRtpP,Andrew Mitchell,crunchbase,
geuAdhcsgrzhZ7eCo,Andrew McCollum,crunchbase,
DEgDwPL8Bzqa69x6c,Andrew Frame,crunchbase,
b9bA6sBKFPsbPuMXN,Andrew Ferenci,crunchbase,
mZyiuPFDo8SR5P9tJ,Andrew Chen,crunchbase,
xszgZu99znnTy3H8n,Andrew Boszhardt, Jr.,
5wuGGvzqubFjo6dpc,Andrew Barlow,crunchbase,
88S4wF9dazCRKtqui,Andrew Banks,manualEntry,
y2iNYNYxD3PSaoWyK,Andres Varela,manualEntry,
gKYS4CTGRCuwnQDDE,Andreessen Horowitz,crunchbase,
KpYfMmMAJ3EhfBBou,Andreas Wuerfel,crunchbase,
592e618a6d9fe079ba81c4aa,Andreas von Arx,crunchbase,
sGxGf4jCmiyWvpKgg,Andre Hoffmann,manualEntry,
Gwd6XGKFXHP3esjKg,Andre Eikmeier,crunchbase,
2fXL6oxBcp4yQ9iSQ,Ananth Narayanan,crunchbase,
58e49e04c85056826f3c3167,Anant Pandit,crunchbase,
58f6ca575e5894a466523dae,Anandbir Singh,manualEntry,
5yJAxPnBWSuwtaQH7,Ananda Kallugadde,crunchbase,
58d928219ac07d5b367b7389,Anand Swaminathan,crunchbase,
58e48ee1e97d628b0573dc78,Anand Sankeshwar,crunchbase,
5948a7087e5eb9250a10c072,Anand Rajaraman,manualEntry,
58ff17f4f828c5e17eec2205,Anand Morzaria,crunchbase,
58cb92667920aec65aee5ade,Anand Mahindra,crunchbase,
iQtfPAePRxQNEed8v,Anand Ladsariya,crunchbase,
58d9d07814bec1f3a0b3406d,Anand Chandrasekaran,crunchbase,
58edbc1b350a5db211fc58a0,Analysys,manualEntry,
NWE3ScC4HugvPsrtP,Anacacia Capital,manualEntry,
iozJ9foELP9ZBgvWp,An Zheng Lu (天津安正路投资),manualEntry,
58ec70a37a9390f74403a8ec,An Tuo Xin,manualEntry,
ZREaq9gBFvw2nLd5E,Amun Capital,crunchbase,
876n6t29oxNp6jcXK,Amrish Kumar,manualEntry,
qu5csPD3vMGia52XE,Amplify Partners,crunchbase,
YtbnheiQGMsyRfd6F,Ample Harvest Capital (丰实资本- 嘉实基金),manualEntry,
FYpvJpPofabQco8JY,Amphora Ventures (安芙兰创投),manualEntry,
Tqb9FDRtrQmPAGLw5,AMP New Ventures,crunchbase,
2kRkWLBwyvojKujbz,Amp Capital Partners,crunchbase,AMP New Ventures
rz29abkohdr4x6ovb,Amol Sarva,crunchbase,
6TC45sXa2syg56Xtf,Amoeba Capital (阿米巴基金),manualEntry,
591d44175e374018aff409be,Amod Malviya,crunchbase,
58e39a86461dfc49cbc90b02,Amitabh Srivastava,crunchbase,
L5qdbpZfYXANFLaYK,Amit Singhal,manualEntry,
zuCMd573Fj559HZza,Amit Sharma,crunchbase,
5912cc79e7a2b59180d817d7,Amit Rathore,crunchbase,
CbfQcpXEzHqdGXrzh,Amit Ranjan,manualEntry,
KzkBdpwsWzteKZ9vH,Amit Patni,manualEntry,
58e59e035646a9c64d49a232,Amit Khanna,crunchbase,
597810caa4d2a363808c72b8,Amit Kapoor,crunchbase,
xZ8aSoiSKJysjFDoS,Amit Jindal,crunchbase,
hCCgFwydNy2ewXuDd,Amit Gupta,crunchbase,
595f02c0b4978d03496d1196,Amit Bhatiani,manualEntry,
SMorSXdXKZc4Cn3Zk,Amish Jani,crunchbase,
AYbDSa7FhZ2y7tE2A,Amidzad Partners,crunchbase,
nSAqZZzRfJtXWnv89,Amiba Capital,manualEntry,
590ae15fc3eab55785c97db3,Amgen Ventures,manualEntry,
58d0fb839f57a0edde85a5eb,Amerindo Investment Advisors,crunchbase,
595dfbc30d73171d30cd6ee4,American Express Ventures,crunchbase,
LBJHiW6boxRAPQsgH,American Express,crunchbase,American Express Ventures
591a6c6d0afb52032fc8679e,Ameba Capital,crunchbase,
mmAzJNprZXyZTwhQg,AME Ventures,manualEntry,
5919154775828db4224ce779,AMC International,crunchbase,
mgzTRMjCoP4F3soPX,Ambrosia Software,crunchbase,
58edcf4216a2041c5631cc10,Ambit Pragma Ventures,crunchbase,
ZAp6YhumKc3YWavEX,Ambient Sound Investments,crunchbase,
58cb931bc504342136a15357,Ambi Parameswaran,crunchbase,
w5svBW3mnqwjQcSvp,Ambarish Ray,manualEntry,
591d54edd2804e363011f42b,Ambarish Raghuvanshi,crunchbase,
592e66d13dcdcf86928907c0,Amazon Web Services,crunchbase,
58da24c0e7412fed0834f888,Amazon,crunchbase,Amazon Web Services
L3ZXGtgWrujt9AtnT,Amasia,crunchbase,
4jBDgC9ocRBhyisnf,Altpoint Ventures,manualEntry,
5959e5cc8350441ee697ff08,Alto Partners SGR,crunchbase,
q2wiWnhCH3vHD8zA9,Altimeter Capital,crunchbase,
59439cb4d85e4d1d5b9f7a02,Altico Capital India Private Limited,crunchbase,
TLv2ctAxaHcPMDLoB,Altico Capital,manualEntry,
NMasBnjHcgyrcnuRd,Alt Option Return,crunchbase,
BjeimWvmmZq8ietwA,Alps Ventures,crunchbase,
592e72b0c00b739fd00d8cfe,Alphacap Berhad,crunchbase,
RLzd5LK2dEHMCJpNz,Alpha Venture Partners,crunchbase,
azjRJYhSxJ4MhhKPj,Alpha Startups (阿尔法公社),manualEntry,
XRZjQ9FS2xSvHNsYb,Alpha JWC Ventures,crunchbase,
ac5BGzqPEn6v3BiSN,Alpha Capital,crunchbase,
nyuX6aCuC3k7Faybp,Alpha Animation (奥飞动漫),manualEntry,
F6p8sSnBbJ7R7sxTT,Alongcp Capital Partners (御泓资本),manualEntry,
FRM7nZKWFRnYneoZx,Aloke Bajpai,crunchbase,
QtXyub8nCdCJbKgz7,Alok Mittal,crunchbase,
592bbc1eb80c90b87e848d88,Almaz Capital Partners,manualEntry,
capRA3DnhznPQNk7t,Ally Bridge Group,manualEntry,
sG9gPf2iwMoNbDoL3,Allure Media,crunchbase,
mdxLWqJx854bWo6ww,All-Stars Investment,crunchbase,
KAZ7rhQaDkQb6dnYS,Allin Capital (熠帆资本),manualEntry,
597026eb6ed6c53d3a1a0217,Allianz Ventures,crunchbase,
Pe8SqFYnyzDJhJz8x,Allen Morgan,crunchbase,
GE7nAG3e7dxQHGLXE,Allen Linz,crunchbase,
tibmB6yGviQjtheuX,Allen & Company,crunchbase,
7srKPWFkLYbuzncTY,Allan Moss,crunchbase,
KupH7AK4aBuAD3Fo4,Allan English,manualEntry,
kkSKrYpZtyKfWHbLm,Allain Pool,manualEntry,
590bf45ac4e3f8f34757bbcc,Alium Capital,manualEntry,
58d4b220c2dd22f5c1ccf67e,Alice Sun,manualEntry,
59279971b655737b20ac13ee,Alibaba Group,crunchbase,
591d13d18bc82e82e482e9da,Alibaba Entrepreneurs Fund,crunchbase,Alibaba Group
YpQrGRGdzsfk4Bmhe,Alibaba (阿里巴巴),manualEntry,Alibaba Group
595dfd47dbc35a04417d7776,Alibaba,crunchbase,Alibaba Group
4MAbD4wyHh9ZSHrNe,Ali Partovi,crunchbase,
59537a30d8710017ea8df471,Alfred Street Investment Partners,crunchbase,
yxESNkZhSdfdPEkd4,Alexis Ohanian,crunchbase,
CQa32YRqCysQuPFtB,Alexander Petrov,crunchbase,
fSGZ2qAA42yCk7bM7,Alexander Asseily,crunchbase,
CYQx739adeMcwmoCk,Alex Zubillaga,crunchbase,
BpMeux5pDB5H6QNPw,Alex Turnbull,manualEntry,
cLzaZ9mo9MPFcCRck,Alex Tan,manualEntry,
KJh7H2c98gpQvyBWk,Alex Rainert,crunchbase,
XXeAvaRMh4ZMrmS4j,Alex Ott,crunchbase,
pm6hsevPFCNJR58CY,Alex Medana,crunchbase,
wg4YphjFqG2YJboA7,Alex Kahn,manualEntry,
590ad31c696befa8dfee041e,Alex Garden,crunchbase,
dmFTeJZdFQuCWW2ZM,Aleph,crunchbase,
grfk27YoTiFJnKj9q,Alchemist Accelerator,crunchbase,
58ec3327994888b77335ff07,Albert Ni,crunchbase,
whH4X6MhsJJfd9uWR,Alan Sharp-Paul,crunchbase,
3pJJCH4YLz4QHrTm6,Alan Schanzer,manualEntry,
fQ9WigLnf2sTDNf6v,Alan Jones,crunchbase,
DZyNh7c7aQ6cXf2Az,Alan Gould,crunchbase,
7mLixmLqFwBum2yza,Alan Chien,crunchbase,
QdrjpQ7YNxhPCTtzr,Alacrity Capital,crunchbase,
5978569ea43dbaef2c9f1eb4,Al Sanie Group,crunchbase,
dmB9NajPXubWRHRi5,Al Hamra Group,crunchbase,
58d8e10930cd91a858b58298,Al Dhaheri family,crunchbase,
58dcd6b42772bd5264ac766b,Akshay Syal,crunchbase,
58d9c37438b878b82586b8f9,Akshay Garg,crunchbase,
Cbc84KqGbE7j9jz3q,Akshay Agarwal,crunchbase,
595ee36f42dcd6ac18303204,AKM Systems,crunchbase,
A2Mi3BRMwQiNGp2KH,Akbar Group,crunchbase,
ds2r56gaApy4tLR2b,Akash OP Aurora,crunchbase,
59225520af530b56d6876988,Akash Garg,crunchbase,
iffb4LwPkdAZyPxpD,Ajmera Group,manualEntry,
S33GxEwAdZ9qfyCpm,Ajisen (味千拉面),manualEntry,
yiuGENYbTFq9M9jrC,Ajeet Khurana,manualEntry,
594cc761b13c3e4ae6472faa,Ajay Sarupria,manualEntry,
59561bd72f0a869b2b1212c8,Ajay Relan,crunchbase,
592b99266cfafd11a7d3fd39,Ajay Prabhu,crunchbase,
58edd10376311af42072c9ef,Ajay Modani,crunchbase,
590aec1049ce40104d09f235,Ajay Lavakare,crunchbase,
YpSNLmNTna9fSFFYy,Ajay Dubey,manualEntry,
erWT8sdJ6bXeJN4k3,Ajay Chandwani,crunchbase,
Xo7W4qy78zw99aoPB,AITV (Accelerate IT Ventures),crunchbase,
iMTfdJKRApeNr8v3g,Aisidi (爱施德),manualEntry,
SMakr4qPjEbtX4zrz,AIS,manualEntry,
KHE3M5FH6grhHiqvb,AirTree Ventures,crunchbase,
5923e29f217cdef711cb8147,Aihuishou,manualEntry,
FdyXupeqNZbEAs8br,Ah! Ventures,manualEntry,
EcLiMtv6foGvHADjz,ah! Ventures,crunchbase,Ah! Ventures
58fcbec8f9852a7d31fb36a7,Agricultural Bank Wuxi Private Equity Investment Fund,manualEntry,
58fdbcee53f69cf0e34e0900,Agricultural Bank Guangdong Branch,manualEntry,
nS7LcmRctwDhbtE7A,A-Grade Investments,crunchbase,
5902a588ed4f00b2bb998a0c,Agnus Capital,crunchbase,
vKXZDvP7AnhXzYwft,AGL Energy,manualEntry,
58e5a6da05cabbbcb9d87ea1,AgFunder,manualEntry,
595f3252cdfa4b3a7eb28924,Agarwal Movers Group,manualEntry,
Durd6g2CEsx7pdSL4,AFSquare,crunchbase,
nFZNBE8zX57zuyRXW,Aetius Capital,crunchbase,
eKcCEbAhG6FEbM33z,Aeon Life (百年人寿),manualEntry,
3fNGaiH4WAcvPcdPz,Aegon,manualEntry,
vQhwfzYPkGi6DFp89,汤臣倍健 (By-Health),manualEntry,
58d9d67ff066705365d34899,清华系DNA基金,manualEntry,
BMXJXYwHeCnBJAHAp,Adways,manualEntry,
BpFNXSZkFoE7RcNkL,Adveq,crunchbase,
7oq3AkSBEauuXstNF,Adventure Capital,crunchbase,
58d9c3749efd97fb3885f77c,advantEdge Partners,crunchbase,
5955b778e8b0d00d24fa43d8,Advantech Capital,crunchbase,
6D2XXExkWrm5zK5L3,Advancit Capital,crunchbase,
59083fa0b3be841b5b14aaeb,Advanced Technology Ventures,crunchbase,
Z5m3esBAnSHd2pTzB,Advance Publications,crunchbase,
2NCGaw79b44zKsXEQ,Adrian Vanzyl,manualEntry,
WricQYofSaxmrxLn5,Adrian Suherman,manualEntry,
QaWYM8qDCBjJYowPE,Adrian Stone,crunchbase,
Y58WrRFfuYudCxLvQ,Adrian Ong,manualEntry,
BP37vX8Y2Tudr9vSW,Adrian MacKenzie,crunchbase,
BjkzLhaWqr4QwTF3K,Adrian Di Marco,crunchbase,
5967332dc1e6270bbf3fa9f5,Adrian Cheng,manualEntry,
5947261d8a4610ae7291a32c,Adnan Merhaba,crunchbase,
pjdzmCg22eKKuLw57,Adms Chung,crunchbase,
vpfjiyovhFp8DS7BW,Aditya Pethe,crunchbase,
59112f85d5c7870d3c3ed3c8,Aditya Agarwal,manualEntry,
5943a3f72214f5eb142c8fe8,Aditi Balan,crunchbase,
RT7w33aTnRnvgqRYu,Adil Allana,crunchbase,
591aa31d50ad2704bd9179d4,Addventure,manualEntry,
NybomaRFb4856ytNL,Addor Capital (毅达资本),manualEntry,
Fw2whXyKMGermuJRx,Adcock Group,crunchbase,
8sAGDHLhL8LAqXANk,Adams Street Partners,crunchbase,
r9ZfhtBrijRmh5uSY,Adam Lindemann,crunchbase,
eDypFTuYKYGMvfrgW,Adam Krongold,crunchbase,
HwqR3eAzWHgPE9b8J,Acumen,manualEntry,
dCNwseWrpN3YfJFjM,ACT Venture Capital,crunchbase,
58d8e1091f5e4e1ead04443e,ACPL Exports,crunchbase,
cxPvxKzccfiJk4X8C,ACP,manualEntry,
CmNaKvAova3p2qML3,Acorn Capital,crunchbase,
b7ZfEbsKNZzCzjKnJ,aCommerce,crunchbase,
3XKkd2Ypwfv5rQEWo,Acer,crunchbase,
e52X2bRxivhyqRmA6,Acequia Capital,crunchbase,
sDvLqiGGt842dtjFQ,ACEON (安思晟投资),manualEntry,
ADy9KpXwo92pGEPYD,Ace Investment,manualEntry,
JkQNYXX6bM5JQ9Tj3,ACE & Company,crunchbase,Ace Investment
fycw3ug6sKAXmRwmP,Accuron Technologies,crunchbase,
JBsAb3KjBYMcccKAK,Accord Ventures,manualEntry,
mdu5ivM9B6BfungTy,Accion Venture Lab,crunchbase,
594765557c582b7ab95201a7,ACCION International,manualEntry,Accion Venture Lab
524s6MRZYBicFGSc9,Accion Frontier,crunchbase,Accion Venture Lab
kdoui2exr5ft5WMv8,Access Industries,crunchbase,
e6iSJTDR5eP8h7TN5,Access India Fund,manualEntry,
kCm5gZDEpEof4zHMp,Accel-X Pte Ltd,crunchbase,
jBecyDh32kcnoK3ts,AcceleratorHK,crunchbase,
sd9vkFhneR8n8ce2j,Acceleprise,manualEntry,
psD8EnY8i68vW4PX4,Accele Venture Partners,crunchbase,
58d8dbe8afc56d2083daace2,Accel Partners,manualEntry,
K8kPtqqZ6JnYeTeF7,Accel,crunchbase,Accel Partners
592bed27228e247f9a2c8d45,AC Inc.,crunchbase,
592bed27036d8d6acd9baff6,Aby Sousa,crunchbase,
59644c3d5c1425ede257e197,Abundance Partners,crunchbase,
595f45c8ab437378bd3b8eb7,Abstract Ventures,crunchbase,
DHYRHpmzfZcdTAs5Z,Abraaj Group,crunchbase,
58d8d7e6c245b8829fb99645,ABN Knowledgware,crunchbase,
597023df7b8e7946f4d3f6a1,ABI-Showatech,manualEntry,
5907e10bcdc9af96ab93476e,Abhishek Rungta,crunchbase,
MrTfHpmeA9eL4gAtB,Abhishek Pandey,crunchbase,
58edd1038aea64093faeaa8b,Abhishek Jain,crunchbase,
58d9d636d536a791e4f1235e,Abhishek Gupta,crunchbase,
58e667561c2859a2baf9fdcb,Abhishek Goyal,crunchbase,
E5RY6kngPhXpyiQxL,Abhishek Agarwal,manualEntry,
58e2022e746f43ec53f9b1db,Abhishek Acharya,crunchbase,
5913dd9ccf42d9f01029f19c,Abhinav Sinha,crunchbase,
595f224f64d37f47049c2f52,Abhinav Grover,crunchbase,
58cce5783f94ca8d3ea70bb6,Abhimanyu Munjal,crunchbase,
58d92821705f82920960d909,Abhay Singhal,crunchbase,
58da501e57753da85f14b064,Abhay Jain,manualEntry,
593a05248e8817ecedd56d01,Abhai S. Rao,crunchbase,
58db633200d45dc02b976d71,ABG Capital,crunchbase,
Aee6pW4HYQqrJeFAf,Aber Whitcomb,crunchbase,
ykJrSfpC7ezkwASzy,ABC Capital (亚商资本),crunchbase,
bqJK5XAWaTaLtQBSz,AB Capital,manualEntry,
GwoWRrEAkcd7omoiy,Aayush Phumbhra,crunchbase,
592fae8490d52cc733ceafb2,Aavya Ventures,crunchbase,
k5f5z44iNPRByEkcg,Aavishkaar Venture Management services,manualEntry,
5943949dc3b93af482f45d68,Aavishkaar,manualEntry,
58eae373ed1f6ffe7082e4ac,Aarti Grover,crunchbase,
w8NmYPrA7cWGe6WtS,Aaron Tan,manualEntry,
NyZehh6iYrQaG4SHf,Aaron Levie,crunchbase,
595b170363c702d85d5ed57a,Aaron Bertinetti,crunchbase,
3ASfjKXo54wkAnhwu,Aarin Capital,crunchbase,
58da104a5fe4d262857ab831,AAMachina,manualEntry,
59152f7f4c000816c062cede,Aakrit Vaish,crunchbase,
595f3ef03f691ebb9e8d506c,Aadil Ebrahim,manualEntry,
ybWQL7sAr8Nn6FX6j,A8 Music (A8音乐),manualEntry,
QhjJNsuTkrWt4BDed,大众交通集团,manualEntry,
fLPoi6kh2JaJwaMsF,嘉兴浙华武岳峰投资,manualEntry,
aEqWxbCtmwfaqnfqC,中国诚通 (China Chengtong Group),manualEntry,
MWJT5FQ6EXGKJuvk6,A&E Television Networks,crunchbase,
vvDpL59hu5ANCZM6Z,9Fbank.com (玖富集团),manualEntry,
DrPC3SJaxhzWHk5kJ,9C Capital (玖创资本),manualEntry,
a8iGpvckXWoMGyHM4,99acres.com,manualEntry,
595f45c8eb6810b43d090150,91springboard,crunchbase,
5949de4367143c442d47acac,91maker.com,manualEntry,
NRYqb6i3D5friEHKy,91Capital,crunchbase,
YFrc54cNKwhXdZoHE,8capita Partners,crunchbase,
6CFhvmuizZBoBGEfc,88mph,manualEntry,
dTwC62oH3xTEEJv9D,825 New Media Industry Fund (825新媒体产业基金),manualEntry,
j5z3bYBhr8MB7oTaT,7-Ventures, LLC,
ETK6WADcsCrLPj96W,7-Eleven,crunchbase,
g8Yehwk2pokMpEmBz,7 Peaks Software,manualEntry,
CgPLYJDxg64DZGfLf,645 Ventures,crunchbase,
58d9d636316341133021e23e,5ideas.in,crunchbase,
wKAHb3XuvjJmzJYgb,58 city (58同城),manualEntry,
594a190212fa13d642f5ec3b,51 Dongle,manualEntry,
59082f50a80664a0a5d39ee1,51 Credit,manualEntry,
vhfEwBpSHrbBxtuLK,50k Ventures,manualEntry,
Gn8Hny5P7L6EThgqa,500 Startups,crunchbase,
590ae07fc81a5cd996312f37,3W Partners,manualEntry,
LCtrcqz8drsDdMX5n,3one4 Capital,crunchbase,
590002e437c59d4552ca21bc,3E Bioventures,crunchbase,
58fee6ab2cfa24c8f47c117b,36kr,manualEntry,
N84gf7Jvns9E42gDi,360.cn (奇虎360),manualEntry,
MwYmhtW5bnmwWNmGK,360 Jinrong,crunchbase,
vwSTjYNKhfE4wDNGy,333D,crunchbase,
EzMFR3XDBj5R2Q9Ah,3 Spin,crunchbase,
oWYvLbwyAANFh44pr,2W Group,manualEntry,
MfbWickHqJYk35CGd,2B Angels,manualEntry,
yynLgoJs6k383qBdQ,21st Century Fox,crunchbase,
3iK8pffWXjsa7zz9b,2020 Ventures,crunchbase,
QXzau4uXdsWPW6RB3,1Crowd,manualEntry,
58f9acd97720d8e0dd229139,1898 Capital,manualEntry,
R8JcaSbPQ8s9MGWB9,14W,crunchbase,
eXKu7Ax5zuAjCD7hQ,1337 Ventures,manualEntry,
592e78607193090b91193d84,122 West Ventures,crunchbase,
58c27a45b52055b21681072d,10Funds,manualEntry,
58d9fea77cc4a69f0773af7c,1 Smart,manualEntry,
hJsNxAjvif8HF9AWx,01VC (零一创投),manualEntry,
58eda137cd5fd508327fc979,Zendesk,manualEntry,
5947655d546916633dc046e5,Unitus Equity,manualEntry,
58eda0ae6a2ee27648d08ae4,Unbounce,manualEntry,
593100c52fc676695dd1a28d,Tonnerre Investments,manualEntry,
595f00c217f6e449edda3113,Rajiv Solanki,manualEntry,
58f6ca0a7db3e5b6df735b99,Nibhrant Shah,manualEntry,
5943a05c6780b4d03ca17537,Milestone Capital,manualEntry,
5962f473f157b8c37f7697fa,Kalaari Capital,manualEntry,
594a11ce9b85c7fdb08afc0f,JIC Technology Investment,manualEntry,
59112fcf0d142d90b27bcf88,Javelin Startup-O Victory Fund,manualEntry,
58d0fa7ba289b1b98fdbd8b3,Gulzar Azad,manualEntry,
58d7f3226e5705bb7bf72796,GSF India,manualEntry,
594a1e834acba8fc9eb6260e,Global Technology Ventures,manualEntry,
58d2347c750c2805c68748c9,Chifu Fund,manualEntry,
594a36a0cff922e1543d4597,Ascent Capital,manualEntry,
595f37c8f1cdcc4413513b57,AdChoices Harvinder Singh Bhatia,manualEntry,
iTCypm8hcfach5ijx,1776,manualEntry,
